event,ticker,y,final_volume,regime,settled_seen_at
KXHIGHLAX-26OCT07,KXHIGHLAX-26OCT07-T83,0,14154.93,twc,2026-10-08T14:08:06Z
KXHIGHLAX-26OCT07,KXHIGHLAX-26OCT07-B83.5,0,72335.82,twc,2026-10-08T14:08:06Z
KXHIGHLAX-26OCT07,KXHIGHLAX-26OCT07-B85.5,1,128513.63,twc,2026-10-08T14:08:06Z
KXHIGHLAX-26OCT07,KXHIGHLAX-26OCT07-B87.5,0,96166.2,twc,2026-10-08T14:08:06Z
KXHIGHLAX-26OCT07,KXHIGHLAX-26OCT07-B89.5,0,85822.42,twc,2026-10-08T14:08:06Z
KXHIGHLAX-26OCT07,KXHIGHLAX-26OCT07-T90,0,586477.36,twc,2026-10-08T14:08:06Z
KXHIGHDEN-26OCT07,KXHIGHDEN-26OCT07-T80,0,13455.97,twc,2026-10-08T14:08:06Z
KXHIGHDEN-26OCT07,KXHIGHDEN-26OCT07-T87,0,612.24,twc,2026-10-08T14:08:06Z
KXHIGHDEN-26OCT07,KXHIGHDEN-26OCT07-B86.5,0,4270.63,twc,2026-10-08T14:08:06Z
KXHIGHDEN-26OCT07,KXHIGHDEN-26OCT07-B80.5,1,14248.84,twc,2026-10-08T14:08:06Z
KXHIGHDEN-26OCT07,KXHIGHDEN-26OCT07-B82.5,0,17060.28,twc,2026-10-08T14:08:06Z
KXHIGHDEN-26OCT07,KXHIGHDEN-26OCT07-B84.5,0,5843.79,twc,2026-10-08T14:08:06Z
KXHIGHNY-26OCT08,KXHIGHNY-26OCT08-B72.5,1,45987.1,twc,2026-10-09T14:30:38Z
KXHIGHNY-26OCT08,KXHIGHNY-26OCT08-B74.5,0,51838.08,twc,2026-10-09T14:30:38Z
KXHIGHNY-26OCT08,KXHIGHNY-26OCT08-T79,0,2046.24,twc,2026-10-09T14:30:38Z
KXHIGHNY-26OCT08,KXHIGHNY-26OCT08-B78.5,0,11650.34,twc,2026-10-09T14:30:38Z
KXHIGHNY-26OCT08,KXHIGHNY-26OCT08-T72,0,14363.34,twc,2026-10-09T14:30:38Z
KXHIGHNY-26OCT08,KXHIGHNY-26OCT08-B76.5,0,51145.93,twc,2026-10-09T14:30:38Z
KXHIGHMIA-26OCT08,KXHIGHMIA-26OCT08-B91.5,0,42657.16,twc,2026-10-09T14:30:38Z
KXHIGHMIA-26OCT08,KXHIGHMIA-26OCT08-T85,0,5034.49,twc,2026-10-09T14:30:38Z
KXHIGHMIA-26OCT08,KXHIGHMIA-26OCT08-B85.5,0,20017.4,twc,2026-10-09T14:30:38Z
KXHIGHMIA-26OCT08,KXHIGHMIA-26OCT08-B87.5,0,46986.2,twc,2026-10-09T14:30:38Z
KXHIGHMIA-26OCT08,KXHIGHMIA-26OCT08-T92,0,4208.22,twc,2026-10-09T14:30:38Z
KXHIGHMIA-26OCT08,KXHIGHMIA-26OCT08-B89.5,1,37253.16,twc,2026-10-09T14:30:38Z
KXHIGHPHIL-26OCT08,KXHIGHPHIL-26OCT08-B75.5,0,9326.3,twc,2026-10-09T14:30:39Z
KXHIGHPHIL-26OCT08,KXHIGHPHIL-26OCT08-T73,0,948.53,twc,2026-10-09T14:30:39Z
KXHIGHPHIL-26OCT08,KXHIGHPHIL-26OCT08-B79.5,1,10722.89,twc,2026-10-09T14:30:39Z
KXHIGHPHIL-26OCT08,KXHIGHPHIL-26OCT08-B73.5,0,2217.57,twc,2026-10-09T14:30:39Z
KXHIGHPHIL-26OCT08,KXHIGHPHIL-26OCT08-T80,0,13355.41,twc,2026-10-09T14:30:39Z
KXHIGHPHIL-26OCT08,KXHIGHPHIL-26OCT08-B77.5,0,17855.06,twc,2026-10-09T14:30:39Z
KXHIGHLAX-26OCT08,KXHIGHLAX-26OCT08-B85.5,0,65615.44,twc,2026-10-09T14:30:39Z
KXHIGHLAX-26OCT08,KXHIGHLAX-26OCT08-B89.5,0,99118.37,twc,2026-10-09T14:30:39Z
KXHIGHLAX-26OCT08,KXHIGHLAX-26OCT08-B87.5,0,50469.74,twc,2026-10-09T14:30:39Z
KXHIGHLAX-26OCT08,KXHIGHLAX-26OCT08-T83,1,102450.22,twc,2026-10-09T14:30:39Z
KXHIGHLAX-26OCT08,KXHIGHLAX-26OCT08-T90,0,274545.54,twc,2026-10-09T14:30:39Z
KXHIGHLAX-26OCT08,KXHIGHLAX-26OCT08-B83.5,0,130727.03,twc,2026-10-09T14:30:39Z
