scored_at,city,event,day,model_hash,ticker,bucket,lo,hi,bid,ask,p_market,p_emos,p_model,gfs_fcst,gfs_runtime,volume_at_read
2026-10-06T23:48:51.836250+00:00,LAX,KXHIGHLAX-26OCT07,2026-10-07,b200c51ce4ee,KXHIGHLAX-26OCT07-T83,0,-inf,82.5,0.01,0.02,0.0147058823529411,0.0219211946407927,0.0060328955664139,88.0,2026-10-06 18:00:00+00:00,2249.07
2026-10-06T23:48:51.836250+00:00,LAX,KXHIGHLAX-26OCT07,2026-10-07,b200c51ce4ee,KXHIGHLAX-26OCT07-B83.5,1,82.5,84.5,0.03,0.04,0.034313725490196,0.0619454965628151,0.0203176179794763,88.0,2026-10-06 18:00:00+00:00,2930.56
2026-10-06T23:48:51.836250+00:00,LAX,KXHIGHLAX-26OCT07,2026-10-07,b200c51ce4ee,KXHIGHLAX-26OCT07-B85.5,2,84.5,86.5,0.1,0.12,0.1078431372549019,0.1447371651387322,0.0890568993200171,88.0,2026-10-06 18:00:00+00:00,5490.1
2026-10-06T23:48:51.836250+00:00,LAX,KXHIGHLAX-26OCT07,2026-10-07,b200c51ce4ee,KXHIGHLAX-26OCT07-B87.5,3,86.5,88.5,0.29,0.3,0.2892156862745098,0.2286392648238773,0.2934775156588067,88.0,2026-10-06 18:00:00+00:00,2869.69
2026-10-06T23:48:51.836250+00:00,LAX,KXHIGHLAX-26OCT07,2026-10-07,b200c51ce4ee,KXHIGHLAX-26OCT07-B89.5,4,88.5,90.5,0.24,0.26,0.2450980392156862,0.2442464030408154,0.2505598427087941,88.0,2026-10-06 18:00:00+00:00,3220.64
2026-10-06T23:48:51.836250+00:00,LAX,KXHIGHLAX-26OCT07,2026-10-07,b200c51ce4ee,KXHIGHLAX-26OCT07-T90,5,90.5,inf,0.31,0.32,0.3088235294117647,0.2985104757929671,0.3405552287664918,88.0,2026-10-06 18:00:00+00:00,9643.21
2026-10-06T23:48:51.836250+00:00,DEN,KXHIGHDEN-26OCT07,2026-10-07,b200c51ce4ee,KXHIGHDEN-26OCT07-T80,0,-inf,79.5,0.03,0.04,0.035,0.3196821412400344,0.03706957103395328,81.0,2026-10-06 18:00:00+00:00,274.33
2026-10-06T23:48:51.836250+00:00,DEN,KXHIGHDEN-26OCT07,2026-10-07,b200c51ce4ee,KXHIGHDEN-26OCT07-B80.5,1,79.5,81.5,0.11,0.12,0.11499999999999999,0.19224909179944255,0.11433476276723192,81.0,2026-10-06 18:00:00+00:00,391.29
2026-10-06T23:48:51.836250+00:00,DEN,KXHIGHDEN-26OCT07,2026-10-07,b200c51ce4ee,KXHIGHDEN-26OCT07-B82.5,2,81.5,83.5,0.38,0.39,0.385,0.18946174088244105,0.41605074914489515,81.0,2026-10-06 18:00:00+00:00,485.1
2026-10-06T23:48:51.836250+00:00,DEN,KXHIGHDEN-26OCT07,2026-10-07,b200c51ce4ee,KXHIGHDEN-26OCT07-B84.5,3,83.5,85.5,0.33,0.34,0.335,0.1463757270866507,0.332196159136147,81.0,2026-10-06 18:00:00+00:00,833.55
2026-10-06T23:48:51.836250+00:00,DEN,KXHIGHDEN-26OCT07,2026-10-07,b200c51ce4ee,KXHIGHDEN-26OCT07-B86.5,4,85.5,87.5,0.11,0.12,0.11499999999999999,0.088652862730907,0.09105754402903261,81.0,2026-10-06 18:00:00+00:00,388.6
2026-10-06T23:48:51.836250+00:00,DEN,KXHIGHDEN-26OCT07,2026-10-07,b200c51ce4ee,KXHIGHDEN-26OCT07-T87,5,87.5,inf,0.01,0.02,0.015,0.06357843626052428,0.009291213888739942,81.0,2026-10-06 18:00:00+00:00,265.15
